"","protein1","protein2"
"36211","CD4","PD-L2"
"36375","CD4","EGFR"
"36446","CD4","B7-H3"
"36525","CD4","PD-L1"
"36574","CD4","CD34"
"36645","CD4","SMA"
"36689","CD4","CCR7"
"37029","CD4","CD38"
"37102","CD4","CD40"
"37224","CD4","GZMB"
"37231","CD4","HLA-DR"
"37554","CD4","CD127"
"37667","CD4","Tim-3"
"37735","CD4","pan-RAS"
"37871","CD4","LAG3"
"37909","CD4","CD45"
"37975","CD4","ICOS"
"37996","CD4","Her2"
"38035","CD4","FABP4"
"38132","CD4","IL-1b"
"38253","CD4","CD123"
"38467","CD4","VISTA"
"38507","CD4","CTLA4"
"38528","CD4","4-1BB"
"38565","CD4","IL-18"
"38647","CD4","EpCAM"
"38685","CD4","CD3"
"38721","CD4","CD68"
"38761","CD4","TCF7"
"38852","CD4","Vimentin"
"38902","CD4","CD31"
"38928","CD4","ICAM1"
"38975","CD4","IDO1"
"39017","CD4","GZMA"
"39190","CD4","FOXP3"
"39404","CD4","Fibronectin"
"39470","CD4","iNOS"
"39884","CD4","NF-kB p65"
"39956","CD4","CD15"
"39974","CD4","Ki-67"
"40038","CD4","p53"
"40080","CD4","CD27"
"196078","LAG3","IL-1b"
"196103","LAG3","CD123"
"196164","LAG3","CD4"
"196180","LAG3","4-1BB"
"196183","LAG3","CTLA4"
"196201","LAG3","VISTA"
"196231","LAG3","EpCAM"
"196245","LAG3","IL-18"
"196269","LAG3","TCF7"
"196283","LAG3","CD68"
"196293","LAG3","CD3"
"196300","LAG3","ICAM1"
"196305","LAG3","CD31"
"196325","LAG3","Vimentin"
"196367","LAG3","GZMA"
"196371","LAG3","IDO1"
"196394","LAG3","FOXP3"
"196465","LAG3","iNOS"
"196481","LAG3","Fibronectin"
"196617","LAG3","Ki-67"
"196623","LAG3","CD15"
"196645","LAG3","NF-kB p65"
"196661","LAG3","CD27"
"196674","LAG3","p53"
"196750","LAG3","PD-L2"
"196764","LAG3","B7-H3"
"196793","LAG3","EGFR"
"196821","LAG3","PD-L1"
"196848","LAG3","CCR7"
"196859","LAG3","SMA"
"196876","LAG3","CD34"
"196956","LAG3","CD38"
"197009","LAG3","CD40"
"197037","LAG3","HLA-DR"
"197052","LAG3","GZMB"
"197136","LAG3","Tim-3"
"197173","LAG3","CD127"
"197191","LAG3","pan-RAS"
"197222","LAG3","CD45"
"197265","LAG3","Her2"
"197286","LAG3","ICOS"
"328628","GZMB","FOXP3"
"328699","GZMB","Fibronectin"
"328719","GZMB","iNOS"
"328843","GZMB","p53"
"328893","GZMB","CD27"
"328919","GZMB","NF-kB p65"
"328937","GZMB","Ki-67"
"328957","GZMB","CD15"
"328991","GZMB","CD123"
"329036","GZMB","IL-1b"
"329068","GZMB","VISTA"
"329094","GZMB","4-1BB"
"329113","GZMB","CTLA4"
"329155","GZMB","CD4"
"329184","GZMB","CD68"
"329196","GZMB","CD3"
"329237","GZMB","TCF7"
"329258","GZMB","IL-18"
"329290","GZMB","EpCAM"
"329298","GZMB","GZMA"
"329322","GZMB","IDO1"
"329365","GZMB","Vimentin"
"329398","GZMB","ICAM1"
"329411","GZMB","CD31"
"329460","GZMB","HLA-DR"
"329484","GZMB","CD40"
"329681","GZMB","pan-RAS"
"329701","GZMB","CD127"
"329721","GZMB","Tim-3"
"329755","GZMB","ICOS"
"329796","GZMB","Her2"
"329844","GZMB","CD45"
"329859","GZMB","LAG3"
"329866","GZMB","PD-L2"
"330010","GZMB","PD-L1"
"330034","GZMB","EGFR"
"330063","GZMB","B7-H3"
"330165","GZMB","CD34"
"330186","GZMB","CCR7"
"330196","GZMB","SMA"
"330238","GZMB","CD38"
"625654","SMA","PD-L1"
"625775","SMA","EGFR"
"625851","SMA","PD-L2"
"626173","SMA","CCR7"
"626200","SMA","CD34"
"626385","SMA","HLA-DR"
"626439","SMA","GZMB"
"626513","SMA","Her2"
"626534","SMA","FABP4"
"626598","SMA","LAG3"
"626621","SMA","CD45"
"626680","SMA","pan-RAS"
"626760","SMA","Tim-3"
"626776","SMA","CD127"
"626807","SMA","CTLA4"
"626914","SMA","CD4"
"627039","SMA","IL-1b"
"627156","SMA","GZMA"
"627167","SMA","CD31"
"627199","SMA","ICAM1"
"627241","SMA","Vimentin"
"627297","SMA","CD3"
"627316","SMA","CD68"
"627332","SMA","EpCAM"
"627484","SMA","iNOS"
"627525","SMA","Fibronectin"
"627624","SMA","FOXP3"
"627765","SMA","p53"
"627778","SMA","CD15"
"627806","SMA","Ki-67"
"627823","SMA","NF-kB p65"
"688245","CD38","CD4"
"688270","CD38","VISTA"
"688288","CD38","4-1BB"
"688309","CD38","CTLA4"
"688331","CD38","IL-1b"
"688377","CD38","CD123"
"688419","CD38","ICAM1"
"688436","CD38","CD31"
"688448","CD38","GZMA"
"688467","CD38","IDO1"
"688504","CD38","IL-18"
"688520","CD38","EpCAM"
"688526","CD38","CD68"
"688533","CD38","CD3"
"688561","CD38","TCF7"
"688569","CD38","Fibronectin"
"688584","CD38","iNOS"
"688664","CD38","FOXP3"
"688728","CD38","NF-kB p65"
"688737","CD38","Ki-67"
"688754","CD38","CD15"
"688762","CD38","p53"
"688798","CD38","CD27"
"688897","CD38","EGFR"
"688917","CD38","B7-H3"
"688978","CD38","PD-L1"
"689030","CD38","PD-L2"
"689159","CD38","CD34"
"689172","CD38","CCR7"
"689321","CD38","CD40"
"689357","CD38","GZMB"
"689384","CD38","HLA-DR"
"689419","CD38","CD45"
"689431","CD38","LAG3"
"689445","CD38","ICOS"
"689485","CD38","Her2"
"689505","CD38","CD127"
"689519","CD38","Tim-3"
"689568","CD38","pan-RAS"
"1147203","4-1BB","GZMA"
"1147215","4-1BB","IDO1"
"1147218","4-1BB","CD38"
"1147246","4-1BB","ICAM1"
"1147258","4-1BB","CD31"
"1147266","4-1BB","CD68"
"1147271","4-1BB","CD3"
"1147300","4-1BB","CD34"
"1147303","4-1BB","IL-18"
"1147311","4-1BB","CCR7"
"1147319","4-1BB","EpCAM"
"1147322","4-1BB","VISTA"
"1147351","4-1BB","PD-L1"
"1147352","4-1BB","CTLA4"
"1147365","4-1BB","EGFR"
"1147382","4-1BB","CD4"
"1147387","4-1BB","B7-H3"
"1147400","4-1BB","PD-L2"
"1147413","4-1BB","CD123"
"1147438","4-1BB","IL-1b"
"1147460","4-1BB","p53"
"1147466","4-1BB","ICOS"
"1147487","4-1BB","CD27"
"1147492","4-1BB","Her2"
"1147500","4-1BB","NF-kB p65"
"1147512","4-1BB","CD45"
"1147518","4-1BB","LAG3"
"1147549","4-1BB","pan-RAS"
"1147563","4-1BB","CD127"
"1147576","4-1BB","Tim-3"
"1147626","4-1BB","Fibronectin"
"1147652","4-1BB","GZMB"
"1147668","4-1BB","HLA-DR"
"1147676","4-1BB","CD40"
"1147696","4-1BB","FOXP3"
"1177270","CCR7","FOXP3"
"1177324","CCR7","Fibronectin"
"1177341","CCR7","iNOS"
"1177466","CCR7","p53"
"1177502","CCR7","CD27"
"1177528","CCR7","NF-kB p65"
"1177535","CCR7","Ki-67"
"1177547","CCR7","CD15"
"1177586","CCR7","CD123"
"1177622","CCR7","IL-1b"
"1177641","CCR7","VISTA"
"1177665","CCR7","4-1BB"
"1177672","CCR7","CTLA4"
"1177703","CCR7","CD4"
"1177737","CCR7","CD68"
"1177744","CCR7","CD3"
"1177763","CCR7","TCF7"
"1177791","CCR7","IL-18"
"1177806","CCR7","EpCAM"
"1177822","CCR7","GZMA"
"1177838","CCR7","IDO1"
"1177915","CCR7","ICAM1"
"1177923","CCR7","CD31"
"1177937","CCR7","GZMB"
"1177974","CCR7","HLA-DR"
"1177981","CCR7","CD40"
"1178137","CCR7","pan-RAS"
"1178166","CCR7","CD127"
"1178169","CCR7","Tim-3"
"1178191","CCR7","ICOS"
"1178217","CCR7","FABP4"
"1178234","CCR7","Her2"
"1178267","CCR7","CD45"
"1178282","CCR7","LAG3"
"1178302","CCR7","PD-L2"
"1178422","CCR7","PD-L1"
"1178432","CCR7","EGFR"
"1178462","CCR7","B7-H3"
"1178576","CCR7","CD34"
"1178591","CCR7","SMA"
"1178628","CCR7","CD38"
"1271139","CD68","GZMA"
"1271158","CD68","IDO1"
"1271228","CD68","Vimentin"
"1271261","CD68","ICAM1"
"1271276","CD68","CD31"
"1271311","CD68","CD3"
"1271327","CD68","TCF7"
"1271361","CD68","IL-18"
"1271380","CD68","EpCAM"
"1271402","CD68","VISTA"
"1271427","CD68","4-1BB"
"1271437","CD68","CTLA4"
"1271475","CD68","CD4"
"1271560","CD68","CD123"
"1271617","CD68","IL-1b"
"1271656","CD68","p53"
"1271711","CD68","CD27"
"1271738","CD68","NF-kB p65"
"1271748","CD68","Ki-67"
"1271758","CD68","CD15"
"1271958","CD68","Fibronectin"
"1271985","CD68","iNOS"
"1272119","CD68","FOXP3"
"1272167","CD68","CD38"
"1272346","CD68","CD34"
"1272353","CD68","CCR7"
"1272377","CD68","SMA"
"1272432","CD68","PD-L1"
"1272440","CD68","EGFR"
"1272477","CD68","B7-H3"
"1272523","CD68","PD-L2"
"1272622","CD68","ICOS"
"1272662","CD68","FABP4"
"1272690","CD68","Her2"
"1272726","CD68","CD45"
"1272753","CD68","LAG3"
"1272816","CD68","pan-RAS"
"1272852","CD68","CD127"
"1272857","CD68","Tim-3"
"1273014","CD68","GZMB"
"1273086","CD68","HLA-DR"
"1273098","CD68","CD40"
"1525551","pan-RAS","PD-L1"
"1525647","pan-RAS","B7-H3"
"1525903","pan-RAS","CD38"
"1526094","pan-RAS","CD34"
"1526150","pan-RAS","CCR7"
"1526336","pan-RAS","GZMB"
"1526412","pan-RAS","CD40"
"1526486","pan-RAS","ICOS"
"1526524","pan-RAS","Her2"
"1526539","pan-RAS","FABP4"
"1526590","pan-RAS","LAG3"
"1526614","pan-RAS","CD45"
"1526833","pan-RAS","CTLA4"
"1526861","pan-RAS","4-1BB"
"1527029","pan-RAS","CD123"
"1527115","pan-RAS","IDO1"
"1527254","pan-RAS","Vimentin"
"1527272","pan-RAS","CD31"
"1527311","pan-RAS","CD3"
"1527329","pan-RAS","CD68"
"1527564","pan-RAS","Fibronectin"
"1527597","pan-RAS","iNOS"
"1527750","pan-RAS","FOXP3"
"1527845","pan-RAS","CD27"
"1527884","pan-RAS","NF-kB p65"
"1527913","pan-RAS","CD15"
"1527946","pan-RAS","Ki-67"
"1528207","pan-RAS","EGFR"
"1528302","pan-RAS","PD-L2"
"1528684","pan-RAS","SMA"
"1528923","pan-RAS","HLA-DR"
"1529260","pan-RAS","CD127"
"1529302","pan-RAS","Tim-3"
"1529351","pan-RAS","VISTA"
"1529400","pan-RAS","CD4"
"1529631","pan-RAS","IL-1b"
"1529668","pan-RAS","GZMA"
"1529803","pan-RAS","ICAM1"
"1529834","pan-RAS","TCF7"
"1529883","pan-RAS","IL-18"
"1529909","pan-RAS","EpCAM"
"1530271","pan-RAS","p53"
"1532583","FABP4","Tim-3"
"1532588","FABP4","CD127"
"1532605","FABP4","pan-RAS"
"1532649","FABP4","CD45"
"1532674","FABP4","Her2"
"1532870","FABP4","SMA"
"1532886","FABP4","CCR7"
"1532892","FABP4","CD34"
"1533141","FABP4","EGFR"
"1533150","FABP4","PD-L1"
"1533336","FABP4","p53"
"1533357","FABP4","FOXP3"
"1533436","FABP4","iNOS"
"1533459","FABP4","Fibronectin"
"1533509","FABP4","EpCAM"
"1533528","FABP4","IL-18"
"1533548","FABP4","TCF7"
"1533571","FABP4","CD68"
"1533584","FABP4","CD31"
"1533592","FABP4","ICAM1"
"1533621","FABP4","Vimentin"
"1533650","FABP4","IDO1"
"1533682","FABP4","IL-1b"
"1533775","FABP4","CD4"
"2158329","IL-1b","Fibronectin"
"2158386","IL-1b","iNOS"
"2158672","IL-1b","FOXP3"
"2158729","IL-1b","p53"
"2158828","IL-1b","CD27"
"2158894","IL-1b","NF-kB p65"
"2158929","IL-1b","Ki-67"
"2158950","IL-1b","CD15"
"2159240","IL-1b","VISTA"
"2159317","IL-1b","4-1BB"
"2159335","IL-1b","CTLA4"
"2159404","IL-1b","CD4"
"2159590","IL-1b","CD123"
"2159780","IL-1b","GZMA"
"2159818","IL-1b","IDO1"
"2159957","IL-1b","Vimentin"
"2160033","IL-1b","ICAM1"
"2160057","IL-1b","CD31"
"2160103","IL-1b","CD68"
"2160149","IL-1b","CD3"
"2160191","IL-1b","TCF7"
"2160265","IL-1b","IL-18"
"2160317","IL-1b","EpCAM"
"2160618","IL-1b","GZMB"
"2160746","IL-1b","HLA-DR"
"2160774","IL-1b","CD40"
"2160890","IL-1b","ICOS"
"2160967","IL-1b","FABP4"
"2161016","IL-1b","Her2"
"2161099","IL-1b","CD45"
"2161137","IL-1b","LAG3"
"2161277","IL-1b","pan-RAS"
"2161354","IL-1b","CD127"
"2161358","IL-1b","Tim-3"
"2161518","IL-1b","PD-L1"
"2161535","IL-1b","EGFR"
"2161613","IL-1b","B7-H3"
"2161709","IL-1b","PD-L2"
"2162026","IL-1b","CD38"
"2162375","IL-1b","CD34"
"2162387","IL-1b","CCR7"
"2162435","IL-1b","SMA"
"2209043","EpCAM","CD123"
"2209104","EpCAM","PD-L2"
"2209134","EpCAM","IL-1b"
"2209205","EpCAM","PD-L1"
"2209216","EpCAM","CTLA4"
"2209223","EpCAM","4-1BB"
"2209319","EpCAM","B7-H3"
"2209355","EpCAM","CD4"
"2209394","EpCAM","EGFR"
"2209433","EpCAM","TCF7"
"2209467","EpCAM","CD3"
"2209492","EpCAM","CD68"
"2209509","EpCAM","SMA"
"2209561","EpCAM","CCR7"
"2209570","EpCAM","CD34"
"2209585","EpCAM","IL-18"
"2209652","EpCAM","CD38"
"2209697","EpCAM","IDO1"
"2209723","EpCAM","GZMA"
"2209758","EpCAM","CD31"
"2209770","EpCAM","ICAM1"
"2209817","EpCAM","Vimentin"
"2209846","EpCAM","HLA-DR"
"2209953","EpCAM","GZMB"
"2209974","EpCAM","FOXP3"
"2210046","EpCAM","CD40"
"2210253","EpCAM","Fibronectin"
"2210277","EpCAM","pan-RAS"
"2210395","EpCAM","Tim-3"
"2210399","EpCAM","CD127"
"2210455","EpCAM","CD27"
"2210471","EpCAM","Her2"
"2210500","EpCAM","FABP4"
"2210533","EpCAM","p53"
"2210548","EpCAM","ICOS"
"2210570","EpCAM","CD15"
"2210577","EpCAM","LAG3"
"2210581","EpCAM","Ki-67"
"2210607","EpCAM","CD45"
"2210614","EpCAM","NF-kB p65"
"2379782","ICAM1","CD34"
"2379793","ICAM1","CCR7"
"2379824","ICAM1","SMA"
"2379868","ICAM1","CD38"
"2379975","ICAM1","PD-L2"
"2380165","ICAM1","PD-L1"
"2380178","ICAM1","EGFR"
"2380231","ICAM1","B7-H3"
"2380339","ICAM1","pan-RAS"
"2380387","ICAM1","CD127"
"2380393","ICAM1","Tim-3"
"2380422","ICAM1","ICOS"
"2380460","ICAM1","FABP4"
"2380485","ICAM1","Her2"
"2380540","ICAM1","CD45"
"2380559","ICAM1","LAG3"
"2380584","ICAM1","GZMB"
"2380653","ICAM1","HLA-DR"
"2380672","ICAM1","CD40"
"2380897","ICAM1","CD68"
"2380918","ICAM1","CD3"
"2380943","ICAM1","TCF7"
"2380982","ICAM1","IL-18"
"2381017","ICAM1","EpCAM"
"2381053","ICAM1","GZMA"
"2381074","ICAM1","IDO1"
"2381159","ICAM1","Vimentin"
"2381211","ICAM1","CD31"
"2381280","ICAM1","CD123"
"2381356","ICAM1","IL-1b"
"2381431","ICAM1","4-1BB"
"2381439","ICAM1","CTLA4"
"2381492","ICAM1","CD4"
"2381703","ICAM1","p53"
"2381751","ICAM1","CD27"
"2381785","ICAM1","NF-kB p65"
"2381805","ICAM1","Ki-67"
"2381818","ICAM1","CD15"
"2381957","ICAM1","FOXP3"
"2382051","ICAM1","Fibronectin"
"2382083","ICAM1","iNOS"
"2563214","CD27","GZMB"
"2563242","CD27","HLA-DR"
"2563249","CD27","CD40"
"2563287","CD27","ICOS"
"2563325","CD27","Her2"
"2563344","CD27","CD45"
"2563358","CD27","LAG3"
"2563384","CD27","pan-RAS"
"2563403","CD27","CD127"
"2563415","CD27","Tim-3"
"2563457","CD27","PD-L1"
"2563471","CD27","EGFR"
"2563494","CD27","B7-H3"
"2563513","CD27","PD-L2"
"2563595","CD27","CD38"
"2563702","CD27","CD34"
"2563715","CD27","CCR7"
"2563757","CD27","Fibronectin"
"2563842","CD27","FOXP3"
"2563848","CD27","p53"
"2563888","CD27","NF-kB p65"
"2563895","CD27","Ki-67"
"2563907","CD27","CD15"
"2563985","CD27","VISTA"
"2563996","CD27","4-1BB"
"2564015","CD27","CTLA4"
"2564040","CD27","CD4"
"2564081","CD27","CD123"
"2564108","CD27","IL-1b"
"2564129","CD27","GZMA"
"2564153","CD27","IDO1"
"2564202","CD27","ICAM1"
"2564217","CD27","CD31"
"2564219","CD27","CD68"
"2564228","CD27","CD3"
"2564255","CD27","TCF7"
"2564276","CD27","IL-18"
"2564289","CD27","EpCAM"
"2693159","p53","CD27"
"2693263","p53","NF-kB p65"
"2693327","p53","Ki-67"
"2693409","p53","CD15"
"2693863","p53","FOXP3"
"2694155","p53","Fibronectin"
"2694269","p53","iNOS"
"2694331","p53","CD68"
"2694404","p53","CD3"
"2694528","p53","TCF7"
"2694653","p53","IL-18"
"2694787","p53","EpCAM"
"2694807","p53","GZMA"
"2694918","p53","IDO1"
"2695107","p53","Vimentin"
"2695241","p53","ICAM1"
"2695321","p53","CD31"
"2695469","p53","CD123"
"2695695","p53","IL-1b"
"2695841","p53","VISTA"
"2695932","p53","4-1BB"
"2696016","p53","CTLA4"
"2696135","p53","CD4"
"2696436","p53","pan-RAS"
"2696575","p53","CD127"
"2696638","p53","Tim-3"
"2696761","p53","ICOS"
"2696874","p53","FABP4"
"2696949","p53","Her2"
"2697117","p53","CD45"
"2697172","p53","LAG3"
"2697230","p53","GZMB"
"2697370","p53","HLA-DR"
"2697418","p53","CD40"
"2698375","p53","CD34"
"2698463","p53","CCR7"
"2698498","p53","SMA"
"2698677","p53","CD38"
"2699002","p53","PD-L2"
"2699621","p53","PD-L1"
"2699730","p53","EGFR"
"2699870","p53","B7-H3"
"2707730","Her2","CD38"
"2708080","Her2","CCR7"
"2708122","Her2","SMA"
"2708176","Her2","CD34"
"2708224","Her2","PD-L1"
"2708311","Her2","B7-H3"
"2708383","Her2","EGFR"
"2708513","Her2","PD-L2"
"2708669","Her2","FABP4"
"2708742","Her2","ICOS"
"2708806","Her2","CD45"
"2708837","Her2","LAG3"
"2708959","Her2","pan-RAS"
"2709043","Her2","Tim-3"
"2709142","Her2","CD127"
"2709439","Her2","HLA-DR"
"2709452","Her2","GZMB"
"2709572","Her2","CD40"
"2709689","Her2","GZMA"
"2709713","Her2","IDO1"
"2709764","Her2","ICAM1"
"2709775","Her2","CD31"
"2709839","Her2","Vimentin"
"2709914","Her2","TCF7"
"2709959","Her2","CD68"
"2709991","Her2","CD3"
"2710037","Her2","EpCAM"
"2710092","Her2","IL-18"
"2710136","Her2","4-1BB"
"2710146","Her2","CTLA4"
"2710179","Her2","VISTA"
"2710333","Her2","CD4"
"2710390","Her2","CD123"
"2710511","Her2","IL-1b"
"2710640","Her2","CD27"
"2710672","Her2","p53"
"2710733","Her2","Ki-67"
"2710746","Her2","CD15"
"2710817","Her2","NF-kB p65"
"2711194","Her2","iNOS"
"2711254","Her2","Fibronectin"
"2711466","Her2","FOXP3"
"2862412","GZMA","CD15"
"2862431","GZMA","Ki-67"
"2862438","GZMA","NF-kB p65"
"2862456","GZMA","CD27"
"2862487","GZMA","p53"
"2862587","GZMA","Fibronectin"
"2862633","GZMA","FOXP3"
"2862713","GZMA","CD31"
"2862727","GZMA","ICAM1"
"2862748","GZMA","Vimentin"
"2862781","GZMA","IDO1"
"2862810","GZMA","EpCAM"
"2862826","GZMA","IL-18"
"2862844","GZMA","TCF7"
"2862869","GZMA","CD3"
"2862881","GZMA","CD68"
"2862903","GZMA","CD4"
"2862927","GZMA","CTLA4"
"2862947","GZMA","4-1BB"
"2862962","GZMA","VISTA"
"2862981","GZMA","IL-1b"
"2863019","GZMA","CD123"
"2863049","GZMA","LAG3"
"2863064","GZMA","CD45"
"2863096","GZMA","Her2"
"2863128","GZMA","ICOS"
"2863151","GZMA","Tim-3"
"2863168","GZMA","CD127"
"2863196","GZMA","pan-RAS"
"2863333","GZMA","CD40"
"2863340","GZMA","HLA-DR"
"2863367","GZMA","GZMB"
"2863432","GZMA","CD38"
"2863468","GZMA","SMA"
"2863476","GZMA","CCR7"
"2863494","GZMA","CD34"
"2863583","GZMA","B7-H3"
"2863611","GZMA","EGFR"
"2863630","GZMA","PD-L1"
"2863723","GZMA","PD-L2"
"2906395","EGFR","B7-H3"
"2906530","EGFR","PD-L1"
"2906868","EGFR","PD-L2"
"2907291","EGFR","CD38"
"2907326","EGFR","CD34"
"2907419","EGFR","SMA"
"2907481","EGFR","CCR7"
"2908099","EGFR","CD40"
"2908276","EGFR","GZMB"
"2908294","EGFR","HLA-DR"
"2908508","EGFR","LAG3"
"2908560","EGFR","CD45"
"2908653","EGFR","ICOS"
"2908699","EGFR","Her2"
"2908756","EGFR","FABP4"
"2908768","EGFR","CD127"
"2908916","EGFR","Tim-3"
"2909041","EGFR","pan-RAS"
"2909140","EGFR","CD4"
"2909372","EGFR","VISTA"
"2909415","EGFR","CTLA4"
"2909437","EGFR","4-1BB"
"2909600","EGFR","IL-1b"
"2909765","EGFR","CD123"
"2909885","EGFR","Vimentin"
"2909971","EGFR","CD31"
"2909996","EGFR","ICAM1"
"2910081","EGFR","IDO1"
"2910131","EGFR","GZMA"
"2910280","EGFR","IL-18"
"2910376","EGFR","EpCAM"
"2910449","EGFR","CD3"
"2910493","EGFR","CD68"
"2910549","EGFR","TCF7"
"2910661","EGFR","Fibronectin"
"2910750","EGFR","iNOS"
"2911069","EGFR","FOXP3"
"2911324","EGFR","NF-kB p65"
"2911416","EGFR","CD15"
"2911446","EGFR","Ki-67"
"2911530","EGFR","p53"
"2911591","EGFR","CD27"
"3029444","IL-18","HLA-DR"
"3029502","IL-18","GZMB"
"3029564","IL-18","CD40"
"3029568","IL-18","Her2"
"3029591","IL-18","FABP4"
"3029632","IL-18","ICOS"
"3029647","IL-18","LAG3"
"3029665","IL-18","CD45"
"3029711","IL-18","pan-RAS"
"3029779","IL-18","Tim-3"
"3029801","IL-18","CD127"
"3029841","IL-18","PD-L1"
"3029910","IL-18","B7-H3"
"3029952","IL-18","EGFR"
"3029998","IL-18","PD-L2"
"3030090","IL-18","CD38"
"3030241","IL-18","CCR7"
"3030258","IL-18","CD34"
"3030359","IL-18","iNOS"
"3030386","IL-18","Fibronectin"
"3030454","IL-18","FOXP3"
"3030509","IL-18","CD27"
"3030550","IL-18","p53"
"3030558","IL-18","CD15"
"3030598","IL-18","NF-kB p65"
"3030728","IL-18","CTLA4"
"3030755","IL-18","4-1BB"
"3030814","IL-18","CD4"
"3030872","IL-18","CD123"
"3030930","IL-18","IL-1b"
"3030994","IL-18","IDO1"
"3031036","IL-18","GZMA"
"3031039","IL-18","CD31"
"3031064","IL-18","ICAM1"
"3031111","IL-18","TCF7"
"3031148","IL-18","CD3"
"3031164","IL-18","CD68"
"3031177","IL-18","EpCAM"
"3943683","CD3","CD40"
"3943762","CD3","GZMB"
"3943815","CD3","HLA-DR"
"3943877","CD3","CD45"
"3943897","CD3","LAG3"
"3943921","CD3","ICOS"
"3943986","CD3","Her2"
"3944017","CD3","CD127"
"3944040","CD3","Tim-3"
"3944119","CD3","pan-RAS"
"3944142","CD3","EGFR"
"3944191","CD3","B7-H3"
"3944278","CD3","PD-L1"
"3944374","CD3","PD-L2"
"3944542","CD3","CD38"
"3944600","CD3","CD34"
"3944617","CD3","CCR7"
"3944624","CD3","SMA"
"3944731","CD3","Fibronectin"
"3944915","CD3","FOXP3"
"3944998","CD3","NF-kB p65"
"3945016","CD3","Ki-67"
"3945059","CD3","p53"
"3945122","CD3","CD27"
"3945315","CD3","CD4"
"3945370","CD3","VISTA"
"3945396","CD3","4-1BB"
"3945430","CD3","CTLA4"
"3945469","CD3","IL-1b"
"3945544","CD3","CD123"
"3945582","CD3","Vimentin"
"3945627","CD3","ICAM1"
"3945663","CD3","CD31"
"3945665","CD3","GZMA"
"3945709","CD3","IDO1"
"3945790","CD3","IL-18"
"3945824","CD3","EpCAM"
"3945838","CD3","CD68"
"3945905","CD3","TCF7"
"4274147","CD127","CD27"
"4274166","CD127","p53"
"4274195","CD127","Ki-67"
"4274205","CD127","CD15"
"4274238","CD127","NF-kB p65"
"4274372","CD127","iNOS"
"4274395","CD127","Fibronectin"
"4274472","CD127","FOXP3"
"4274556","CD127","GZMA"
"4274562","CD127","IDO1"
"4274586","CD127","ICAM1"
"4274592","CD127","CD31"
"4274611","CD127","Vimentin"
"4274650","CD127","TCF7"
"4274671","CD127","CD68"
"4274677","CD127","CD3"
"4274701","CD127","EpCAM"
"4274719","CD127","IL-18"
"4274737","CD127","4-1BB"
"4274741","CD127","CTLA4"
"4274754","CD127","VISTA"
"4274828","CD127","CD4"
"4274845","CD127","CD123"
"4274892","CD127","IL-1b"
"4274940","CD127","FABP4"
"4274955","CD127","Her2"
"4274979","CD127","ICOS"
"4275005","CD127","CD45"
"4275024","CD127","LAG3"
"4275070","CD127","pan-RAS"
"4275094","CD127","Tim-3"
"4275260","CD127","HLA-DR"
"4275277","CD127","GZMB"
"4275324","CD127","CD40"
"4275345","CD127","CD38"
"4275493","CD127","CCR7"
"4275508","CD127","SMA"
"4275535","CD127","CD34"
"4275555","CD127","PD-L1"
"4275591","CD127","B7-H3"
"4275622","CD127","EGFR"
"4275673","CD127","PD-L2"
"4511449","CD34","PD-L2"
"4511556","CD34","PD-L1"
"4511609","CD34","B7-H3"
"4511649","CD34","EGFR"
"4511774","CD34","CCR7"
"4511799","CD34","SMA"
"4511861","CD34","CD38"
"4512034","CD34","HLA-DR"
"4512051","CD34","GZMB"
"4512118","CD34","CD40"
"4512330","CD34","pan-RAS"
"4512372","CD34","Tim-3"
"4512443","CD34","CD127"
"4512452","CD34","FABP4"
"4512479","CD34","Her2"
"4512498","CD34","ICOS"
"4512537","CD34","CD45"
"4512558","CD34","LAG3"
"4512623","CD34","CD123"
"4512703","CD34","IL-1b"
"4512763","CD34","4-1BB"
"4512778","CD34","CTLA4"
"4512803","CD34","VISTA"
"4512896","CD34","CD4"
"4512941","CD34","TCF7"
"4512969","CD34","CD68"
"4512987","CD34","CD3"
"4513009","CD34","EpCAM"
"4513059","CD34","IL-18"
"4513123","CD34","GZMA"
"4513145","CD34","IDO1"
"4513183","CD34","ICAM1"
"4513200","CD34","CD31"
"4513234","CD34","Vimentin"
"4513379","CD34","FOXP3"
"4513504","CD34","iNOS"
"4513539","CD34","Fibronectin"
"4513738","CD34","CD27"
"4513765","CD34","p53"
"4513807","CD34","Ki-67"
"4513823","CD34","CD15"
"4513861","CD34","NF-kB p65"
"4627044","Tim-3","CD40"
"4627082","Tim-3","GZMB"
"4627093","Tim-3","HLA-DR"
"4627210","Tim-3","CD127"
"4627270","Tim-3","pan-RAS"
"4627304","Tim-3","LAG3"
"4627318","Tim-3","CD45"
"4627339","Tim-3","ICOS"
"4627353","Tim-3","Her2"
"4627368","Tim-3","FABP4"
"4627433","Tim-3","PD-L2"
"4627476","Tim-3","EGFR"
"4627508","Tim-3","B7-H3"
"4627542","Tim-3","PD-L1"
"4627563","Tim-3","CD34"
"4627581","Tim-3","SMA"
"4627590","Tim-3","CCR7"
"4627725","Tim-3","CD38"
"4627748","Tim-3","FOXP3"
"4627824","Tim-3","Fibronectin"
"4627839","Tim-3","iNOS"
"4627987","Tim-3","NF-kB p65"
"4628006","Tim-3","CD15"
"4628018","Tim-3","Ki-67"
"4628049","Tim-3","p53"
"4628061","Tim-3","CD27"
"4628122","Tim-3","IL-1b"
"4628157","Tim-3","CD123"
"4628159","Tim-3","CD4"
"4628215","Tim-3","VISTA"
"4628223","Tim-3","CTLA4"
"4628244","Tim-3","4-1BB"
"4628248","Tim-3","IL-18"
"4628269","Tim-3","EpCAM"
"4628293","Tim-3","CD3"
"4628303","Tim-3","CD68"
"4628306","Tim-3","TCF7"
"4628352","Tim-3","Vimentin"
"4628361","Tim-3","CD31"
"4628376","Tim-3","ICAM1"
"4628378","Tim-3","IDO1"
"4628396","Tim-3","GZMA"
"4975535","ICOS","ICAM1"
"4975561","ICOS","CD31"
"4975562","ICOS","GZMA"
"4975601","ICOS","IDO1"
"4975607","ICOS","CD38"
"4975659","ICOS","CD34"
"4975667","ICOS","IL-18"
"4975684","ICOS","CCR7"
"4975692","ICOS","EpCAM"
"4975704","ICOS","CD68"
"4975714","ICOS","CD3"
"4975763","ICOS","TCF7"
"4975783","ICOS","EGFR"
"4975812","ICOS","CD4"
"4975828","ICOS","B7-H3"
"4975865","ICOS","VISTA"
"4975888","ICOS","4-1BB"
"4975904","ICOS","PD-L1"
"4975919","ICOS","CTLA4"
"4975953","ICOS","IL-1b"
"4975991","ICOS","PD-L2"
"4976030","ICOS","CD123"
"4976067","ICOS","NF-kB p65"
"4976082","ICOS","Ki-67"
"4976086","ICOS","CD45"
"4976109","ICOS","LAG3"
"4976115","ICOS","CD15"
"4976128","ICOS","p53"
"4976183","ICOS","CD27"
"4976198","ICOS","Her2"
"4976226","ICOS","CD127"
"4976248","ICOS","Tim-3"
"4976324","ICOS","pan-RAS"
"4976348","ICOS","Fibronectin"
"4976464","ICOS","CD40"
"4976518","ICOS","FOXP3"
"4976521","ICOS","GZMB"
"4976573","ICOS","HLA-DR"
"5003086","B7-H3","CD38"
"5003119","B7-H3","CD34"
"5003129","B7-H3","CCR7"
"5003178","B7-H3","EGFR"
"5003243","B7-H3","PD-L1"
"5003281","B7-H3","PD-L2"
"5003336","B7-H3","CD45"
"5003348","B7-H3","LAG3"
"5003359","B7-H3","ICOS"
"5003391","B7-H3","Her2"
"5003408","B7-H3","CD127"
"5003420","B7-H3","Tim-3"
"5003459","B7-H3","pan-RAS"
"5003533","B7-H3","CD40"
"5003581","B7-H3","GZMB"
"5003602","B7-H3","HLA-DR"
"5003630","B7-H3","ICAM1"
"5003639","B7-H3","CD31"
"5003645","B7-H3","GZMA"
"5003666","B7-H3","IDO1"
"5003698","B7-H3","IL-18"
"5003713","B7-H3","EpCAM"
"5003720","B7-H3","CD68"
"5003729","B7-H3","CD3"
"5003752","B7-H3","TCF7"
"5003777","B7-H3","CD4"
"5003802","B7-H3","VISTA"
"5003810","B7-H3","4-1BB"
"5003822","B7-H3","CTLA4"
"5003844","B7-H3","IL-1b"
"5003878","B7-H3","CD123"
"5003895","B7-H3","NF-kB p65"
"5003903","B7-H3","Ki-67"
"5003915","B7-H3","CD15"
"5003921","B7-H3","p53"
"5003948","B7-H3","CD27"
"5004035","B7-H3","Fibronectin"
"5004047","B7-H3","iNOS"
"5004108","B7-H3","FOXP3"
"5379385","iNOS","PD-L2"
"5379502","iNOS","PD-L1"
"5379510","iNOS","EGFR"
"5379528","iNOS","B7-H3"
"5379631","iNOS","CD34"
"5379636","iNOS","CCR7"
"5379653","iNOS","SMA"
"5379680","iNOS","CD38"
"5379746","iNOS","GZMB"
"5379801","iNOS","CD40"
"5379984","iNOS","pan-RAS"
"5380004","iNOS","CD127"
"5380008","iNOS","Tim-3"
"5380055","iNOS","FABP4"
"5380064","iNOS","Her2"
"5380099","iNOS","CD45"
"5380112","iNOS","LAG3"
"5380197","iNOS","IL-1b"
"5380255","iNOS","CTLA4"
"5380284","iNOS","CD4"
"5380336","iNOS","CD68"
"5380381","iNOS","IL-18"
"5380429","iNOS","IDO1"
"5380480","iNOS","Vimentin"
"5380506","iNOS","ICAM1"
"5380516","iNOS","CD31"
"5380594","iNOS","FOXP3"
"5380645","iNOS","Fibronectin"
"5380779","iNOS","p53"
"5380834","iNOS","NF-kB p65"
"5380854","iNOS","CD15"
"5410725","CD123","IL-1b"
"5410746","CD123","PD-L2"
"5410790","CD123","EGFR"
"5410809","CD123","CD4"
"5410835","CD123","B7-H3"
"5410880","CD123","4-1BB"
"5410891","CD123","CTLA4"
"5410893","CD123","PD-L1"
"5410919","CD123","IL-18"
"5410925","CD123","CD34"
"5410929","CD123","CCR7"
"5410936","CD123","EpCAM"
"5410957","CD123","CD68"
"5410973","CD123","CD3"
"5410992","CD123","TCF7"
"5411042","CD123","ICAM1"
"5411050","CD123","CD31"
"5411064","CD123","GZMA"
"5411077","CD123","IDO1"
"5411096","CD123","CD38"
"5411126","CD123","CD40"
"5411160","CD123","FOXP3"
"5411174","CD123","GZMB"
"5411222","CD123","HLA-DR"
"5411230","CD123","Fibronectin"
"5411351","CD123","CD127"
"5411354","CD123","Tim-3"
"5411421","CD123","pan-RAS"
"5411444","CD123","CD45"
"5411451","CD123","Ki-67"
"5411458","CD123","LAG3"
"5411464","CD123","CD15"
"5411477","CD123","ICOS"
"5411496","CD123","p53"
"5411532","CD123","Her2"
"5411539","CD123","CD27"
"6045454","TCF7","IL-1b"
"6045489","TCF7","CD123"
"6045564","TCF7","CD4"
"6045588","TCF7","CTLA4"
"6045591","TCF7","VISTA"
"6045632","TCF7","EpCAM"
"6045647","TCF7","IL-18"
"6045673","TCF7","CD68"
"6045681","TCF7","CD3"
"6045687","TCF7","ICAM1"
"6045707","TCF7","CD31"
"6045712","TCF7","Vimentin"
"6045758","TCF7","GZMA"
"6045777","TCF7","IDO1"
"6045791","TCF7","FOXP3"
"6045889","TCF7","Fibronectin"
"6046030","TCF7","Ki-67"
"6046057","TCF7","NF-kB p65"
"6046073","TCF7","CD27"
"6046086","TCF7","p53"
"6046164","TCF7","PD-L2"
"6046179","TCF7","B7-H3"
"6046203","TCF7","EGFR"
"6046225","TCF7","PD-L1"
"6046259","TCF7","CCR7"
"6046288","TCF7","CD34"
"6046380","TCF7","CD38"
"6046445","TCF7","CD40"
"6046462","TCF7","HLA-DR"
"6046475","TCF7","GZMB"
"6046572","TCF7","Tim-3"
"6046604","TCF7","CD127"
"6046626","TCF7","pan-RAS"
"6046664","TCF7","CD45"
"6046674","TCF7","LAG3"
"6046709","TCF7","FABP4"
"6046717","TCF7","Her2"
"6046734","TCF7","ICOS"
"6454807","Fibronectin","GZMB"
"6454892","Fibronectin","HLA-DR"
"6454912","Fibronectin","CD40"
"6455051","Fibronectin","ICOS"
"6455107","Fibronectin","FABP4"
"6455142","Fibronectin","Her2"
"6455231","Fibronectin","CD45"
"6455259","Fibronectin","LAG3"
"6455348","Fibronectin","pan-RAS"
"6455420","Fibronectin","CD127"
"6455444","Fibronectin","Tim-3"
"6455563","Fibronectin","PD-L1"
"6455606","Fibronectin","EGFR"
"6455692","Fibronectin","B7-H3"
"6455736","Fibronectin","PD-L2"
"6456011","Fibronectin","CD38"
"6456337","Fibronectin","CD34"
"6456381","Fibronectin","CCR7"
"6456398","Fibronectin","SMA"
"6456618","Fibronectin","iNOS"
"6456890","Fibronectin","FOXP3"
"6456911","Fibronectin","p53"
"6456997","Fibronectin","CD27"
"6457060","Fibronectin","NF-kB p65"
"6457092","Fibronectin","Ki-67"
"6457140","Fibronectin","CD15"
"6457447","Fibronectin","4-1BB"
"6457498","Fibronectin","CTLA4"
"6457567","Fibronectin","CD4"
"6457692","Fibronectin","CD123"
"6457801","Fibronectin","IL-1b"
"6457849","Fibronectin","GZMA"
"6457912","Fibronectin","IDO1"
"6458003","Fibronectin","Vimentin"
"6458084","Fibronectin","ICAM1"
"6458132","Fibronectin","CD31"
"6458140","Fibronectin","CD68"
"6458174","Fibronectin","CD3"
"6458242","Fibronectin","TCF7"
"6458301","Fibronectin","IL-18"
"6458350","Fibronectin","EpCAM"
"6789038","CD15","EGFR"
"6789055","CD15","B7-H3"
"6789081","CD15","PD-L1"
"6789122","CD15","PD-L2"
"6789207","CD15","CD38"
"6789212","CD15","CD34"
"6789230","CD15","SMA"
"6789240","CD15","CCR7"
"6789350","CD15","CD40"
"6789380","CD15","GZMB"
"6789416","CD15","LAG3"
"6789425","CD15","CD45"
"6789442","CD15","ICOS"
"6789456","CD15","Her2"
"6789469","CD15","CD127"
"6789491","CD15","Tim-3"
"6789507","CD15","pan-RAS"
"6789522","CD15","CD4"
"6789562","CD15","CTLA4"
"6789586","CD15","IL-1b"
"6789618","CD15","CD123"
"6789631","CD15","Vimentin"
"6789645","CD15","CD31"
"6789646","CD15","ICAM1"
"6789659","CD15","IDO1"
"6789661","CD15","GZMA"
"6789691","CD15","IL-18"
"6789701","CD15","EpCAM"
"6789718","CD15","CD68"
"6789750","CD15","Fibronectin"
"6789761","CD15","iNOS"
"6789816","CD15","FOXP3"
"6789890","CD15","Ki-67"
"6789908","CD15","p53"
"6789915","CD15","CD27"
"7489262","Ki-67","Fibronectin"
"7489398","Ki-67","FOXP3"
"7489457","Ki-67","p53"
"7489481","Ki-67","CD27"
"7489510","Ki-67","NF-kB p65"
"7489533","Ki-67","CD15"
"7489709","Ki-67","CTLA4"
"7489746","Ki-67","CD4"
"7489842","Ki-67","CD123"
"7489900","Ki-67","IL-1b"
"7489906","Ki-67","IDO1"
"7489943","Ki-67","GZMA"
"7489996","Ki-67","Vimentin"
"7490004","Ki-67","CD31"
"7490025","Ki-67","ICAM1"
"7490037","Ki-67","CD3"
"7490052","Ki-67","CD68"
"7490060","Ki-67","TCF7"
"7490125","Ki-67","EpCAM"
"7490285","Ki-67","GZMB"
"7490301","Ki-67","HLA-DR"
"7490351","Ki-67","CD40"
"7490404","Ki-67","ICOS"
"7490414","Ki-67","Her2"
"7490473","Ki-67","LAG3"
"7490485","Ki-67","CD45"
"7490529","Ki-67","pan-RAS"
"7490549","Ki-67","CD127"
"7490594","Ki-67","Tim-3"
"7490648","Ki-67","PD-L1"
"7490698","Ki-67","EGFR"
"7490727","Ki-67","B7-H3"
"7490761","Ki-67","PD-L2"
"7490900","Ki-67","CD38"
"7491040","Ki-67","CD34"
"7491064","Ki-67","SMA"
"7491078","Ki-67","CCR7"
"8036812","CD40","CD38"
"8036866","CD40","CCR7"
"8036909","CD40","CD34"
"8036966","CD40","B7-H3"
"8037009","CD40","EGFR"
"8037053","CD40","PD-L1"
"8037177","CD40","PD-L2"
"8037197","CD40","CD45"
"8037213","CD40","LAG3"
"8037257","CD40","Her2"
"8037277","CD40","ICOS"
"8037302","CD40","Tim-3"
"8037348","CD40","CD127"
"8037376","CD40","pan-RAS"
"8037583","CD40","HLA-DR"
"8037599","CD40","GZMB"
"8037623","CD40","ICAM1"
"8037632","CD40","CD31"
"8037731","CD40","GZMA"
"8037740","CD40","IDO1"
"8037773","CD40","EpCAM"
"8037799","CD40","IL-18"
"8037830","CD40","TCF7"
"8037854","CD40","CD68"
"8037861","CD40","CD3"
"8037905","CD40","CD4"
"8037929","CD40","4-1BB"
"8037940","CD40","CTLA4"
"8037957","CD40","VISTA"
"8037988","CD40","IL-1b"
"8038031","CD40","CD123"
"8038076","CD40","Ki-67"
"8038083","CD40","CD15"
"8038109","CD40","NF-kB p65"
"8038137","CD40","CD27"
"8038151","CD40","p53"
"8038278","CD40","iNOS"
"8038304","CD40","Fibronectin"
"8038390","CD40","FOXP3"
"8574746","FOXP3","TCF7"
"8574788","FOXP3","CD3"
"8574805","FOXP3","CD68"
"8574815","FOXP3","EpCAM"
"8574838","FOXP3","IL-18"
"8574902","FOXP3","IDO1"
"8574949","FOXP3","GZMA"
"8574956","FOXP3","CD31"
"8574977","FOXP3","ICAM1"
"8575024","FOXP3","Vimentin"
"8575053","FOXP3","CD123"
"8575113","FOXP3","IL-1b"
"8575148","FOXP3","CTLA4"
"8575176","FOXP3","4-1BB"
"8575199","FOXP3","VISTA"
"8575240","FOXP3","CD4"
"8575418","FOXP3","CD27"
"8575467","FOXP3","p53"
"8575480","FOXP3","CD15"
"8575501","FOXP3","Ki-67"
"8575523","FOXP3","NF-kB p65"
"8575737","FOXP3","iNOS"
"8575760","FOXP3","Fibronectin"
"8575841","FOXP3","SMA"
"8575850","FOXP3","CCR7"
"8575869","FOXP3","CD34"
"8575928","FOXP3","CD38"
"8576077","FOXP3","PD-L2"
"8576148","FOXP3","PD-L1"
"8576222","FOXP3","B7-H3"
"8576267","FOXP3","EGFR"
"8576288","FOXP3","pan-RAS"
"8576357","FOXP3","Tim-3"
"8576375","FOXP3","CD127"
"8576399","FOXP3","Her2"
"8576421","FOXP3","FABP4"
"8576458","FOXP3","ICOS"
"8576475","FOXP3","LAG3"
"8576496","FOXP3","CD45"
"8576539","FOXP3","HLA-DR"
"8576588","FOXP3","GZMB"
"8576656","FOXP3","CD40"
"9157433","PD-L1","CD38"
"9157485","PD-L1","SMA"
"9157507","PD-L1","CCR7"
"9157513","PD-L1","CD34"
"9157664","PD-L1","B7-H3"
"9157716","PD-L1","EGFR"
"9157902","PD-L1","PD-L2"
"9157923","PD-L1","LAG3"
"9157945","PD-L1","CD45"
"9157998","PD-L1","Her2"
"9158018","PD-L1","FABP4"
"9158051","PD-L1","ICOS"
"9158084","PD-L1","Tim-3"
"9158087","PD-L1","CD127"
"9158128","PD-L1","pan-RAS"
"9158354","PD-L1","CD40"
"9158367","PD-L1","HLA-DR"
"9158426","PD-L1","GZMB"
"9158444","PD-L1","CD31"
"9158451","PD-L1","ICAM1"
"9158479","PD-L1","Vimentin"
"9158562","PD-L1","IDO1"
"9158579","PD-L1","GZMA"
"9158606","PD-L1","EpCAM"
"9158631","PD-L1","IL-18"
"9158668","PD-L1","TCF7"
"9158687","PD-L1","CD3"
"9158701","PD-L1","CD68"
"9158754","PD-L1","CD4"
"9158804","PD-L1","CTLA4"
"9158811","PD-L1","4-1BB"
"9158850","PD-L1","VISTA"
"9158879","PD-L1","IL-1b"
"9158941","PD-L1","CD123"
"9158995","PD-L1","CD15"
"9159005","PD-L1","Ki-67"
"9159025","PD-L1","NF-kB p65"
"9159062","PD-L1","CD27"
"9159113","PD-L1","p53"
"9159315","PD-L1","iNOS"
"9159341","PD-L1","Fibronectin"
"9159426","PD-L1","FOXP3"
"9667571","VISTA","CD45"
"9667584","VISTA","LAG3"
"9667610","VISTA","CD27"
"9667617","VISTA","Her2"
"9667623","VISTA","p53"
"9667629","VISTA","ICOS"
"9667649","VISTA","Tim-3"
"9667670","VISTA","CD127"
"9667683","VISTA","pan-RAS"
"9667763","VISTA","FOXP3"
"9667767","VISTA","CD40"
"9667789","VISTA","HLA-DR"
"9667795","VISTA","GZMB"
"9667819","VISTA","CD31"
"9667838","VISTA","CD38"
"9667851","VISTA","GZMA"
"9667864","VISTA","IDO1"
"9667872","VISTA","CCR7"
"9667892","VISTA","CD34"
"9667915","VISTA","TCF7"
"9667923","VISTA","CD68"
"9667929","VISTA","CD3"
"9667945","VISTA","B7-H3"
"9667964","VISTA","EGFR"
"9667976","VISTA","CD4"
"9667980","VISTA","4-1BB"
"9667987","VISTA","PD-L1"
"9667996","VISTA","CTLA4"
"9668028","VISTA","IL-1b"
"9668079","VISTA","PD-L2"
"9712837","HLA-DR","IDO1"
"9712856","HLA-DR","GZMA"
"9712909","HLA-DR","Vimentin"
"9712914","HLA-DR","CD31"
"9712931","HLA-DR","ICAM1"
"9712945","HLA-DR","CD3"
"9712952","HLA-DR","CD68"
"9712957","HLA-DR","TCF7"
"9712978","HLA-DR","IL-18"
"9713005","HLA-DR","EpCAM"
"9713036","HLA-DR","VISTA"
"9713047","HLA-DR","CTLA4"
"9713066","HLA-DR","4-1BB"
"9713074","HLA-DR","CD4"
"9713155","HLA-DR","CD123"
"9713207","HLA-DR","IL-1b"
"9713236","HLA-DR","p53"
"9713249","HLA-DR","CD27"
"9713269","HLA-DR","NF-kB p65"
"9713297","HLA-DR","Ki-67"
"9713453","HLA-DR","Fibronectin"
"9713542","HLA-DR","FOXP3"
"9713608","HLA-DR","CD38"
"9713704","HLA-DR","CD34"
"9713728","HLA-DR","SMA"
"9713736","HLA-DR","CCR7"
"9713783","HLA-DR","PD-L1"
"9713815","HLA-DR","EGFR"
"9713841","HLA-DR","B7-H3"
"9713873","HLA-DR","PD-L2"
"9713951","HLA-DR","ICOS"
"9713965","HLA-DR","Her2"
"9714011","HLA-DR","LAG3"
"9714026","HLA-DR","CD45"
"9714073","HLA-DR","pan-RAS"
"9714092","HLA-DR","CD127"
"9714128","HLA-DR","Tim-3"
"9714230","HLA-DR","GZMB"
"9714293","HLA-DR","CD40"
"9937165","PD-L2","CD15"
"9937170","PD-L2","LAG3"
"9937177","PD-L2","Ki-67"
"9937191","PD-L2","CD45"
"9937196","PD-L2","NF-kB p65"
"9937226","PD-L2","CD27"
"9937236","PD-L2","Her2"
"9937273","PD-L2","p53"
"9937293","PD-L2","ICOS"
"9937326","PD-L2","Tim-3"
"9937331","PD-L2","CD127"
"9937371","PD-L2","pan-RAS"
"9937457","PD-L2","iNOS"
"9937488","PD-L2","Fibronectin"
"9937564","PD-L2","FOXP3"
"9937608","PD-L2","CD40"
"9937621","PD-L2","HLA-DR"
"9937682","PD-L2","GZMB"
"9937699","PD-L2","CD31"
"9937707","PD-L2","ICAM1"
"9937735","PD-L2","Vimentin"
"9937774","PD-L2","CD38"
"9937806","PD-L2","IDO1"
"9937820","PD-L2","GZMA"
"9937835","PD-L2","SMA"
"9937845","PD-L2","EpCAM"
"9937858","PD-L2","CCR7"
"9937866","PD-L2","CD34"
"9937876","PD-L2","IL-18"
"9937916","PD-L2","TCF7"
"9937942","PD-L2","CD3"
"9937961","PD-L2","CD68"
"9937998","PD-L2","B7-H3"
"9938023","PD-L2","CD4"
"9938043","PD-L2","EGFR"
"9938060","PD-L2","PD-L1"
"9938062","PD-L2","CTLA4"
"9938072","PD-L2","4-1BB"
"9938096","PD-L2","VISTA"
"9938126","PD-L2","IL-1b"
"9938186","PD-L2","CD123"
"10155633","NF-kB p65","GZMB"
"10155710","NF-kB p65","HLA-DR"
"10155730","NF-kB p65","CD40"
"10155808","NF-kB p65","ICOS"
"10155886","NF-kB p65","Her2"
"10155943","NF-kB p65","CD45"
"10155972","NF-kB p65","LAG3"
"10156069","NF-kB p65","pan-RAS"
"10156126","NF-kB p65","CD127"
"10156137","NF-kB p65","Tim-3"
"10156255","NF-kB p65","PD-L1"
"10156267","NF-kB p65","EGFR"
"10156316","NF-kB p65","B7-H3"
"10156378","NF-kB p65","PD-L2"
"10156634","NF-kB p65","CD38"
"10156893","NF-kB p65","CD34"
"10156908","NF-kB p65","CCR7"
"10156937","NF-kB p65","SMA"
"10157033","NF-kB p65","Fibronectin"
"10157067","NF-kB p65","iNOS"
"10157273","NF-kB p65","FOXP3"
"10157304","NF-kB p65","p53"
"10157364","NF-kB p65","CD27"
"10157432","NF-kB p65","Ki-67"
"10157697","NF-kB p65","4-1BB"
"10157708","NF-kB p65","CTLA4"
"10157755","NF-kB p65","CD4"
"10157978","NF-kB p65","IL-1b"
"10158014","NF-kB p65","GZMA"
"10158036","NF-kB p65","IDO1"
"10158127","NF-kB p65","Vimentin"
"10158183","NF-kB p65","ICAM1"
"10158199","NF-kB p65","CD31"
"10158230","NF-kB p65","CD68"
"10158257","NF-kB p65","CD3"
"10158285","NF-kB p65","TCF7"
"10158326","NF-kB p65","IL-18"
"10158371","NF-kB p65","EpCAM"
"11117951","CD45","CD40"
"11117984","CD45","HLA-DR"
"11118077","CD45","GZMB"
"11118332","CD45","Tim-3"
"11118346","CD45","CD127"
"11118397","CD45","pan-RAS"
"11118496","CD45","LAG3"
"11118606","CD45","Her2"
"11118635","CD45","FABP4"
"11118687","CD45","ICOS"
"11118865","CD45","PD-L2"
"11118945","CD45","B7-H3"
"11119000","CD45","EGFR"
"11119014","CD45","PD-L1"
"11119124","CD45","SMA"
"11119154","CD45","CCR7"
"11119164","CD45","CD34"
"11119463","CD45","CD38"
"11119555","CD45","FOXP3"
"11119794","CD45","iNOS"
"11119845","CD45","Fibronectin"
"11120185","CD45","CD15"
"11120196","CD45","Ki-67"
"11120220","CD45","NF-kB p65"
"11120262","CD45","CD27"
"11120353","CD45","p53"
"11120417","CD45","IL-1b"
"11120518","CD45","CD123"
"11120640","CD45","CD4"
"11120714","CD45","CTLA4"
"11120723","CD45","4-1BB"
"11120787","CD45","VISTA"
"11120809","CD45","EpCAM"
"11120861","CD45","IL-18"
"11120914","CD45","TCF7"
"11120959","CD45","CD3"
"11120972","CD45","CD68"
"11121012","CD45","CD31"
"11121028","CD45","ICAM1"
"11121086","CD45","Vimentin"
"11121209","CD45","IDO1"
"11121221","CD45","GZMA"
"11747915","IDO1","FABP4"
"11747930","IDO1","Her2"
"11747946","IDO1","ICOS"
"11747979","IDO1","CD45"
"11747991","IDO1","LAG3"
"11748030","IDO1","pan-RAS"
"11748063","IDO1","Tim-3"
"11748093","IDO1","CD127"
"11748207","IDO1","HLA-DR"
"11748224","IDO1","GZMB"
"11748264","IDO1","CD40"
"11748284","IDO1","CD38"
"11748428","IDO1","CCR7"
"11748457","IDO1","CD34"
"11748482","IDO1","PD-L1"
"11748525","IDO1","B7-H3"
"11748563","IDO1","EGFR"
"11748608","IDO1","PD-L2"
"11748670","IDO1","CD27"
"11748683","IDO1","p53"
"11748710","IDO1","Ki-67"
"11748724","IDO1","CD15"
"11748736","IDO1","NF-kB p65"
"11748870","IDO1","iNOS"
"11748887","IDO1","Fibronectin"
"11748955","IDO1","FOXP3"
"11749016","IDO1","GZMA"
"11749039","IDO1","ICAM1"
"11749057","IDO1","CD31"
"11749062","IDO1","Vimentin"
"11749112","IDO1","TCF7"
"11749114","IDO1","CD68"
"11749123","IDO1","CD3"
"11749152","IDO1","EpCAM"
"11749173","IDO1","IL-18"
"11749178","IDO1","4-1BB"
"11749195","IDO1","CTLA4"
"11749202","IDO1","VISTA"
"11749260","IDO1","CD4"
"11749264","IDO1","CD123"
"11749307","IDO1","IL-1b"
"12140727","Vimentin","HLA-DR"
"12140802","Vimentin","GZMB"
"12140871","Vimentin","Her2"
"12140894","Vimentin","FABP4"
"12140962","Vimentin","LAG3"
"12140981","Vimentin","CD45"
"12141022","Vimentin","pan-RAS"
"12141114","Vimentin","Tim-3"
"12141117","Vimentin","CD127"
"12141167","Vimentin","PD-L1"
"12141331","Vimentin","EGFR"
"12141396","Vimentin","PD-L2"
"12141719","Vimentin","SMA"
"12141754","Vimentin","CD34"
"12141908","Vimentin","iNOS"
"12141944","Vimentin","Fibronectin"
"12142044","Vimentin","FOXP3"
"12142171","Vimentin","p53"
"12142195","Vimentin","CD15"
"12142209","Vimentin","Ki-67"
"12142229","Vimentin","NF-kB p65"
"12142423","Vimentin","CTLA4"
"12142533","Vimentin","CD4"
"12142647","Vimentin","IL-1b"
"12142744","Vimentin","IDO1"
"12142769","Vimentin","GZMA"
"12142798","Vimentin","CD31"
"12142814","Vimentin","ICAM1"
"12142893","Vimentin","TCF7"
"12142925","Vimentin","CD3"
"12142951","Vimentin","CD68"
"12142993","Vimentin","EpCAM"
"12382099","CD31","Fibronectin"
"12382145","CD31","iNOS"
"12382332","CD31","FOXP3"
"12382373","CD31","p53"
"12382446","CD31","CD27"
"12382488","CD31","NF-kB p65"
"12382513","CD31","Ki-67"
"12382521","CD31","CD15"
"12382724","CD31","VISTA"
"12382783","CD31","4-1BB"
"12382792","CD31","CTLA4"
"12382860","CD31","CD4"
"12382980","CD31","CD123"
"12383069","CD31","IL-1b"
"12383124","CD31","GZMA"
"12383133","CD31","IDO1"
"12383226","CD31","Vimentin"
"12383273","CD31","ICAM1"
"12383317","CD31","CD68"
"12383331","CD31","CD3"
"12383373","CD31","TCF7"
"12383413","CD31","IL-18"
"12383456","CD31","EpCAM"
"12383671","CD31","GZMB"
"12383735","CD31","HLA-DR"
"12383769","CD31","CD40"
"12383843","CD31","ICOS"
"12383879","CD31","FABP4"
"12383901","CD31","Her2"
"12383982","CD31","CD45"
"12384003","CD31","LAG3"
"12384086","CD31","pan-RAS"
"12384135","CD31","CD127"
"12384145","CD31","Tim-3"
"12384246","CD31","PD-L1"
"12384258","CD31","EGFR"
"12384306","CD31","B7-H3"
"12384364","CD31","PD-L2"
"12384567","CD31","CD38"
"12384808","CD31","CD34"
"12384820","CD31","CCR7"
"12384843","CD31","SMA"
"13471517","CTLA4","NF-kB p65"
"13471532","CTLA4","Ki-67"
"13471559","CTLA4","CD15"
"13471568","CTLA4","p53"
"13471611","CTLA4","CD27"
"13471683","CTLA4","FOXP3"
"13471755","CTLA4","Fibronectin"
"13471776","CTLA4","iNOS"
"13471874","CTLA4","IL-18"
"13471900","CTLA4","EpCAM"
"13471911","CTLA4","CD68"
"13471921","CTLA4","CD3"
"13471957","CTLA4","TCF7"
"13471967","CTLA4","Vimentin"
"13471998","CTLA4","ICAM1"
"13472023","CTLA4","CD31"
"13472027","CTLA4","GZMA"
"13472066","CTLA4","IDO1"
"13472122","CTLA4","IL-1b"
"13472179","CTLA4","CD123"
"13472235","CTLA4","CD4"
"13472274","CTLA4","VISTA"
"13472290","CTLA4","4-1BB"
"13472347","CTLA4","CD127"
"13472361","CTLA4","Tim-3"
"13472429","CTLA4","pan-RAS"
"13472485","CTLA4","CD45"
"13472503","CTLA4","LAG3"
"13472517","CTLA4","ICOS"
"13472576","CTLA4","Her2"
"13472578","CTLA4","CD40"
"13472637","CTLA4","GZMB"
"13472684","CTLA4","HLA-DR"
"13472826","CTLA4","CD34"
"13472840","CTLA4","CCR7"
"13472843","CTLA4","SMA"
"13472985","CTLA4","CD38"
"13473066","CTLA4","PD-L2"
"13473117","CTLA4","EGFR"
"13473156","CTLA4","B7-H3"
"13473216","CTLA4","PD-L1"
